PC,term,estimate,std.error,statistic,p.value
PC1,(Intercept),199.74654408660365,12.16956527578725,16.413613761867268,3.5471962302675686e-27
PC1,time,-0.010589201385185432,6.61185429154533e-4,-16.015479044548805,1.5851166121011787e-26
PC1,ONSET,0.44809990673203837,1.2066252628590888,0.3713662563887228,0.7113588747589992
PC1,POST,-0.009338597326211904,0.0024280143143063514,-3.846187096668664,2.4169148959992233e-4
PC2,(Intercept),-130.91044208968174,22.286359867718087,-5.874016343032593,9.596515397335632e-8
PC2,time,0.007167990247877115,0.0012108416430246156,5.919841202332512,7.914974418293361e-8
PC2,ONSET,-4.460925422724017,2.2097161422077165,-2.018777587544402,0.0469032448957219
PC2,POST,-0.021427626132849924,0.004446469495526136,-4.819020158444708,6.85497589797401e-6
PC3,(Intercept),93.72570557591663,18.592223730511176,5.041124016924668,2.875666975630548e-6
PC3,time,-0.005135949134737175,0.0010101352963407227,-5.0844170611030695,2.4227275221245064e-6
PC3,ONSET,4.652053586547924,1.8434386387324582,2.523573873739925,0.013622967591997357
PC3,POST,0.012028086378025141,0.0037094328621814403,3.242567482661399,0.0017362051888589589
PC4,(Intercept),-13.623324745134111,15.99326213332956,-0.8518165107006808,0.39689079976598185
PC4,time,7.182199509379914e-4,8.689309476194398e-4,0.826555841871736,0.41097835012231754
PC4,ONSET,5.831013937593065,1.5857488487282643,3.6771358480060763,4.285043541653801e-4
PC4,POST,-0.014749750652759014,0.003190900292012762,-4.622441725828775,1.4558539964613277e-5
PC5,(Intercept),19.443093254305328,15.55941562382592,1.2496030522208292,0.21513408834343142
PC5,time,-0.0010355585107071842,8.453596051702494e-4,-1.2249917128446541,0.22421830715873545
PC5,ONSET,-1.313822330623744,1.5427325086448702,-0.8516203056988797,0.39699906422655606
PC5,POST,0.0036359895483227427,0.003104341280954042,1.1712596068707084,0.24501506344732132
PC6,(Intercept),-17.127393514086094,14.686376249940668,-1.1662096369181123,0.2470383485786056
PC6,time,9.379103806451035e-4,7.979264471231322e-4,1.1754346331377705,0.24335129653132095
PC6,ONSET,1.1127925677292434,1.4561697317397206,0.7641915248435797,0.4470296465772754
PC6,POST,-0.007471575618149568,0.0029301565793062407,-2.549889542052588,0.012709927155059683
PC7,(Intercept),29.278030049952736,12.396774012322062,2.361745888152124,0.020651981573786966
PC7,time,-0.0016084264591335318,6.735299215475621e-4,-2.3880549440741525,0.019325350611413918
PC7,ONSET,4.187780886950026,1.2291532492934656,3.4070453699383876,0.0010355524960505582
PC7,POST,-0.0030457942560499205,0.0024733459306903473,-1.2314469311617056,0.22180903183204193
PC8,(Intercept),7.989906674061927,12.897202638401396,0.6195069503112245,0.5373650890791778
PC8,time,-4.3580804300256964e-4,7.007187412298718e-4,-0.621944322821533,0.5357693291293557
PC8,ONSET,1.2017641063681919,1.2787712766265025,0.9397803409680412,0.35019488935691034
PC8,POST,-0.0015273658370201695,0.002573189091877605,-0.5935692179954334,0.5544960114997299
PC9,(Intercept),-6.253070199480155,11.876990325435075,-0.5264860901746246,0.60002561930852
PC9,time,3.3684628993262296e-4,6.452895208188956e-4,0.5220079965116323,0.6031253820105793
PC9,ONSET,0.7199849404460833,1.1776161472190199,0.6113918717456039,0.542695553494813
PC9,POST,-0.0026346071505473608,0.002369641138982174,-1.1118169359935222,0.26958897239484664
PC10,(Intercept),0.8260897724191172,11.315395691171055,0.07300582277150781,0.9419860113035098
PC10,time,-4.5588253850587345e-5,6.147774868347796e-4,-0.07415407171999959,0.9410752358796856
PC10,ONSET,0.1727711693314274,1.1219334455092633,0.15399413398626674,0.8780070749578424
PC10,POST,-2.0045621716202266e-4,0.002257594424088945,-0.08879195263025023,0.9294719635903577
PC11,(Intercept),-9.584991220479743,10.55888044889352,-0.907765862760968,0.366762750596096
PC11,time,5.260949458190556e-4,5.736752088329172e-4,0.9170606254527564,0.36190205142200826
PC11,ONSET,-0.5983864152606475,1.0469241594432916,-0.5715661539216396,0.5692385956766557
PC11,POST,-0.001040829142315834,0.0021066580680553088,-0.4940664828804614,0.6226302129821448
PC12,(Intercept),-0.6660456844142875,10.387055442570814,-0.06412266576382498,0.9490345312914036
PC12,time,3.39996751224404e-5,5.64339773427431e-4,0.06024681711861028,0.9521112088198853
PC12,ONSET,-0.3108614208450476,1.0298875284115814,-0.3018401643570693,0.7635670806344113
PC12,POST,0.0011031097381805637,0.0020723763525253903,0.5322921856526293,0.5960175790883977
PC13,(Intercept),1.461193709121865,9.671550392015483,0.15108164150477663,0.8802964379958828
PC13,time,-8.454950697372077e-5,5.254656227743332e-4,-0.1609039741312087,0.8725797917264639
PC13,ONSET,1.7752698598524466,0.9589444462111796,1.851274979344836,0.06786702547721961
PC13,POST,-0.0037149415084700484,0.0019296221566821499,-1.925217066774166,0.0578012866544118
PC14,(Intercept),-1.5217650081520535,9.518450816321788,-0.15987528196737677,0.8733873898399329
PC14,time,7.671708631395649e-5,5.171475599377079e-4,0.14834660792598017,0.8824472386439648
PC14,ONSET,1.4374181571794908,0.9437644614230156,1.5230687485436145,0.13173463868752974
PC14,POST,-0.0032026668357630845,0.0018990764508270595,-1.6864338633488416,0.09565784123173285
PC15,(Intercept),-7.58263104559949,8.934330117791037,-0.8487072836608206,0.398608583132413
PC15,time,4.2116340431712563e-4,4.854116609155371e-4,0.8676417116201277,0.3882184472849678
PC15,ONSET,-3.0600095872898905,0.8858482766264713,-3.454326963239305,8.899842857834017e-4
PC15,POST,0.005417960307101242,0.0017825354417462284,3.0394684897786024,0.003213121747363068
PC16,(Intercept),-6.61658936972843,8.97908294145639,-0.7368892138393848,0.46337255099217334
PC16,time,3.6506520154318186e-4,4.878431294397189e-4,0.748324982997002,0.45648624351085665
PC16,ONSET,-1.4112605182637021,0.89028556640594525,-1.5851773537797724,0.11692110598449139
PC16,POST,0.001693655372952075,0.0017914643142246313,0.9454027967535098,0.34733592118615964
PC17,(Intercept),0.8188201869569196,8.832436308520178,0.09270603923484257,0.9263717967354616
PC17,time,-4.561359513934321e-5,4.798756618486694e-4,-0.09505294551430622,0.9245134639808601
PC17,ONSET,0.41249158847932266,0.8757453977142902,0.471017706237375,0.6389261556435323
PC17,POST,-7.871583041055084e-4,0.0017622060690987867,-0.44668913466406945,0.6563216659714539
PC18,(Intercept),3.8381560561341788,8.382453936704689,0.4578797670844148,0.6482957514509182
PC18,time,-2.0887864564002396e-4,4.554276408324419e-4,-0.4586428817939781,0.6477499459222966
PC18,ONSET,0.7911996868591179,0.8311291698237094,0.9519575483398556,0.34402204945100534
PC18,POST,-0.001400956190673561,0.0016724277068324441,-0.8376781758339519,0.4047386407858663
PC19,(Intercept),11.669188038351592,8.169186339068688,1.4284394496602848,0.15710722097895555
PC19,time,-6.374357206677323e-4,4.4384058534835906e-4,-1.4361816870970134,0.15489885084630023
PC19,ONSET,1.0873916681830127,0.8099834620498367,1.3424862594492177,0.18328344779815262
PC19,POST,-2.3898330616369925e-4,0.0016298775607834154,-0.14662653926521313,0.883800335537662
PC20,(Intercept),6.5092742671577435,8.157030247210287,0.7979956025520345,0.4272653013585982
PC20,time,-3.581133592764007e-4,4.43180131944306e-4,-0.8080537313468836,0.4214862263707023
PC20,ONSET,0.8898648715334434,0.8087781726905556,1.1002582680651944,0.27456099078556734
PC20,POST,-4.757084043466032e-4,0.0016274522346218516,-0.29230252920887534,0.7708216168112731
PC21,(Intercept),-1.1236464015247858,7.908801431371706,-0.14207543472613146,0.8873821309473658
PC21,time,6.159308987386806e-5,4.2969359627854155e-4,0.14334188455985597,0.886385175065508
PC21,ONSET,-0.45859131831544003,0.7841660231706089,-0.5848140633041244,0.5603393323941602
PC21,POST,9.567389460774728e-4,0.0015779267910730557,0.6063265745217816,0.5460363000824662
PC22,(Intercept),2.21027223778417,7.8879862447008255,0.2802074153297412,0.7800508135745323
PC22,time,-1.1953579559854469e-4,4.2856268504054524e-4,-0.2789225468550434,0.7810331190745827
PC22,ONSET,-0.25926146173160214,0.7821021754062041,-0.3314930834925095,0.741149843016411
PC22,POST,0.0010247924243901882,0.0015737738431208055,0.6511687996783687,0.5168272170755345
PC23,(Intercept),0.804267952066213,7.6247948696175705,0.10548060188097257,0.9162618306558284
PC23,time,-4.318030918525924e-5,4.142632176117109e-4,-0.10423399266340891,0.9172478341522077
PC23,ONSET,-0.46251283036815927,0.7560064723186068,-0.6117842205102718,0.5424372190754344
PC23,POST,0.0013282349132186905,0.0015212631402631166,0.8731131899961502,0.38524760039148964
PC24,(Intercept),2.8410177542744988,7.496456007423,0.37898144822851215,0.7057183217330806
PC24,time,-1.5504237346047667e-4,4.072904306834751e-4,-0.38066785217688437,0.7044714190202631
PC24,ONSET,0.04001730223824099,0.7432815384511116,0.053838687183904915,0.9571996037180153
PC24,POST,5.323017684681616e-4,0.001495657575279609,0.3558981529369443,0.722865470672807
PC25,(Intercept),-0.45933413974458887,7.473466548974946,-0.06146199179918598,0.9511465136120788
PC25,time,2.472282908165157e-5,4.060413889465242e-4,0.06088746062512257,0.9516026097907228
PC25,ONSET,0.19771509161030015,0.7410021093413419,0.26682122644164147,0.7903020682227407
PC25,POST,-5.869862220835654e-4,0.0014910708268687117,-0.39366756528678926,0.6948869955702395
PC26,(Intercept),-3.8219318954006645,7.319380363842437,-0.5221660448582391,0.6030158551180694
PC26,time,2.1007590752096134e-4,3.9766972256939203e-4,0.5282672921731018,0.5987947059928671
PC26,ONSET,-0.6997053368958217,0.7257243011842678,-0.9641475912464454,0.33791404129823144
PC26,POST,7.978096743501233e-4,0.001460328277347822,0.5463221432642987,0.5863841740775486
PC27,(Intercept),0.3657658718048178,7.16295750197676,0.051063526721173126,0.9594037923495027
PC27,time,-1.9912031363162767e-5,3.8917110205925656e-4,-0.05116523621050078,0.9593230032599487
PC27,ONSET,0.5772372353111936,0.7102148090587462,0.8127642903929462,0.41879583407950616
PC27,POST,-0.0015082061399218085,0.0014291195250968045,-1.0553393984450998,0.29448694333125824
PC28,(Intercept),-2.274660371651089,7.058326208934926,-0.32226625751182536,0.7481022728880371
PC28,time,1.2610642672217625e-4,3.834863725865858e-4,0.32884200257651447,0.7431452622382486
PC28,ONSET,-0.47758656793024507,0.6998405057365824,-0.6824220147526114,0.49696829657197295
PC28,POST,4.5826598802525413e-4,0.0014082439825878696,0.32541661366315117,0.7457260929399121
PC29,(Intercept),-5.257733413340226,6.908765464949414,-0.7610235779481224,0.4489086477442631
PC29,time,2.884722372743625e-4,3.7536057824178034e-4,0.768520334835347,0.4444694894495258
PC29,ONSET,-0.3220292063401342,0.6850113998535667,-0.4701078061021665,0.6395732031562389
PC29,POST,-5.689974529296071e-4,0.0013784043277583226,-0.4127943024199284,0.6808755224904819
PC30,(Intercept),1.9640643430467875,6.844060813539228,0.2869735375760232,0.774883926116083
PC30,time,-0.00010702207945950911,3.718451056886188e-4,-0.28781360255183475,0.7742431212755976
PC30,ONSET,-0.06079848698055437,0.6785958652599556,-0.08959454381182202,0.9288361777659423
PC30,POST,5.827485645692399e-4,0.0013654947606319841,0.42676733838182557,0.6707095813645416
